,Column 1,Column 2,Column 3,Column 4,Column 5
Row 1,18.76488127731607,42.88511168215613,5.997902724013038,12.192728805888875,48.403018953987
Row 2,53.598826283021005,0.3246643454482778,72.75095513357918,48.16152580425877,63.231132834838654
Row 3,95.4823684225769,71.10167850727898,28.14440213277496,40.32777401264408,62.126366039340674
Row 4,60.082730637313105,89.33160367033332,15.561928730243558,72.59106522576599,81.79918855233026
Row 5,28.341344645239076,59.66237004861789,7.819748533816795,42.82290712459018,93.03221390873796
